Seed,Subject,Model,Network,Jaccard
42,0,Raw FC (2m),Visual,1.0
42,0,Raw FC (2m),Somatomotor,1.0
42,0,Raw FC (2m),Dorsal Attn,1.0
42,0,Raw FC (2m),Ventral Attn,1.0
42,0,Raw FC (2m),Limbic,1.0
42,0,Raw FC (2m),Control,1.0
42,0,Raw FC (2m),Default Mode,1.0
42,0,BS-NET (2m),Visual,1.0
42,0,BS-NET (2m),Somatomotor,1.0
42,0,BS-NET (2m),Dorsal Attn,1.0
42,0,BS-NET (2m),Ventral Attn,1.0
42,0,BS-NET (2m),Limbic,1.0
42,0,BS-NET (2m),Control,1.0
42,0,BS-NET (2m),Default Mode,1.0
42,1,Raw FC (2m),Visual,0.9333333333333333
42,1,Raw FC (2m),Somatomotor,0.9285714285714286
42,1,Raw FC (2m),Dorsal Attn,0.8571428571428571
42,1,Raw FC (2m),Ventral Attn,0.9333333333333333
42,1,Raw FC (2m),Limbic,0.9333333333333333
42,1,Raw FC (2m),Control,0.9285714285714286
42,1,Raw FC (2m),Default Mode,0.9411764705882353
42,1,BS-NET (2m),Visual,0.9333333333333333
42,1,BS-NET (2m),Somatomotor,0.9285714285714286
42,1,BS-NET (2m),Dorsal Attn,0.8571428571428571
42,1,BS-NET (2m),Ventral Attn,0.9333333333333333
42,1,BS-NET (2m),Limbic,0.9333333333333333
42,1,BS-NET (2m),Control,0.9285714285714286
42,1,BS-NET (2m),Default Mode,0.9411764705882353
42,2,Raw FC (2m),Visual,0.875
42,2,Raw FC (2m),Somatomotor,0.8235294117647058
42,2,Raw FC (2m),Dorsal Attn,0.7857142857142857
42,2,Raw FC (2m),Ventral Attn,0.4
42,2,Raw FC (2m),Limbic,0.5
42,2,Raw FC (2m),Control,0.9285714285714286
42,2,Raw FC (2m),Default Mode,0.9375
42,2,BS-NET (2m),Visual,0.875
42,2,BS-NET (2m),Somatomotor,0.9333333333333333
42,2,BS-NET (2m),Dorsal Attn,0.7857142857142857
42,2,BS-NET (2m),Ventral Attn,1.0
42,2,BS-NET (2m),Limbic,0.875
42,2,BS-NET (2m),Control,0.9285714285714286
42,2,BS-NET (2m),Default Mode,0.9375
42,3,Raw FC (2m),Visual,0.875
42,3,Raw FC (2m),Somatomotor,0.8571428571428571
42,3,Raw FC (2m),Dorsal Attn,0.9333333333333333
42,3,Raw FC (2m),Ventral Attn,1.0
42,3,Raw FC (2m),Limbic,0.9285714285714286
42,3,Raw FC (2m),Control,1.0
42,3,Raw FC (2m),Default Mode,1.0
42,3,BS-NET (2m),Visual,0.7777777777777778
42,3,BS-NET (2m),Somatomotor,0.8571428571428571
42,3,BS-NET (2m),Dorsal Attn,0.8666666666666667
42,3,BS-NET (2m),Ventral Attn,0.9285714285714286
42,3,BS-NET (2m),Limbic,0.9285714285714286
42,3,BS-NET (2m),Control,1.0
42,3,BS-NET (2m),Default Mode,1.0
42,4,Raw FC (2m),Visual,0.9333333333333333
42,4,Raw FC (2m),Somatomotor,0.875
42,4,Raw FC (2m),Dorsal Attn,1.0
42,4,Raw FC (2m),Ventral Attn,0.8
42,4,Raw FC (2m),Limbic,1.0
42,4,Raw FC (2m),Control,0.8571428571428571
42,4,Raw FC (2m),Default Mode,1.0
42,4,BS-NET (2m),Visual,0.9333333333333333
42,4,BS-NET (2m),Somatomotor,0.875
42,4,BS-NET (2m),Dorsal Attn,1.0
42,4,BS-NET (2m),Ventral Attn,0.8
42,4,BS-NET (2m),Limbic,1.0
42,4,BS-NET (2m),Control,0.8571428571428571
42,4,BS-NET (2m),Default Mode,1.0
123,0,Raw FC (2m),Visual,0.7368421052631579
123,0,Raw FC (2m),Somatomotor,1.0
123,0,Raw FC (2m),Dorsal Attn,1.0
123,0,Raw FC (2m),Ventral Attn,0.7333333333333333
123,0,Raw FC (2m),Limbic,0.9333333333333333
123,0,Raw FC (2m),Control,0.9333333333333333
123,0,Raw FC (2m),Default Mode,0.6875
123,0,BS-NET (2m),Visual,0.7368421052631579
123,0,BS-NET (2m),Somatomotor,1.0
123,0,BS-NET (2m),Dorsal Attn,1.0
123,0,BS-NET (2m),Ventral Attn,0.7333333333333333
123,0,BS-NET (2m),Limbic,0.9333333333333333
123,0,BS-NET (2m),Control,0.9333333333333333
123,0,BS-NET (2m),Default Mode,0.6875
123,1,Raw FC (2m),Visual,0.7368421052631579
123,1,Raw FC (2m),Somatomotor,0.6428571428571429
123,1,Raw FC (2m),Dorsal Attn,0.8666666666666667
123,1,Raw FC (2m),Ventral Attn,0.5
123,1,Raw FC (2m),Limbic,1.0
123,1,Raw FC (2m),Control,0.4482758620689655
123,1,Raw FC (2m),Default Mode,1.0
123,1,BS-NET (2m),Visual,0.5185185185185185
123,1,BS-NET (2m),Somatomotor,0.4642857142857143
123,1,BS-NET (2m),Dorsal Attn,0.8571428571428571
123,1,BS-NET (2m),Ventral Attn,0.875
123,1,BS-NET (2m),Limbic,1.0
123,1,BS-NET (2m),Control,0.875
123,1,BS-NET (2m),Default Mode,0.9375
123,2,Raw FC (2m),Visual,0.8666666666666667
123,2,Raw FC (2m),Somatomotor,0.8571428571428571
123,2,Raw FC (2m),Dorsal Attn,0.7777777777777778
123,2,Raw FC (2m),Ventral Attn,0.8571428571428571
123,2,Raw FC (2m),Limbic,0.9333333333333333
123,2,Raw FC (2m),Control,0.9285714285714286
123,2,Raw FC (2m),Default Mode,1.0
123,2,BS-NET (2m),Visual,0.8666666666666667
123,2,BS-NET (2m),Somatomotor,0.8571428571428571
123,2,BS-NET (2m),Dorsal Attn,0.4375
123,2,BS-NET (2m),Ventral Attn,0.7857142857142857
123,2,BS-NET (2m),Limbic,0.9333333333333333
123,2,BS-NET (2m),Control,0.4375
123,2,BS-NET (2m),Default Mode,1.0
123,3,Raw FC (2m),Visual,1.0
123,3,Raw FC (2m),Somatomotor,1.0
123,3,Raw FC (2m),Dorsal Attn,0.9333333333333333
123,3,Raw FC (2m),Ventral Attn,0.9285714285714286
123,3,Raw FC (2m),Limbic,0.9285714285714286
123,3,Raw FC (2m),Control,1.0
123,3,Raw FC (2m),Default Mode,1.0
123,3,BS-NET (2m),Visual,0.875
123,3,BS-NET (2m),Somatomotor,0.875
123,3,BS-NET (2m),Dorsal Attn,1.0
123,3,BS-NET (2m),Ventral Attn,0.3333333333333333
123,3,BS-NET (2m),Limbic,0.9285714285714286
123,3,BS-NET (2m),Control,1.0
123,3,BS-NET (2m),Default Mode,0.6153846153846154
123,4,Raw FC (2m),Visual,1.0
123,4,Raw FC (2m),Somatomotor,1.0
123,4,Raw FC (2m),Dorsal Attn,1.0
123,4,Raw FC (2m),Ventral Attn,1.0
123,4,Raw FC (2m),Limbic,0.9333333333333333
123,4,Raw FC (2m),Control,0.9285714285714286
123,4,Raw FC (2m),Default Mode,1.0
123,4,BS-NET (2m),Visual,1.0
123,4,BS-NET (2m),Somatomotor,1.0
123,4,BS-NET (2m),Dorsal Attn,1.0
123,4,BS-NET (2m),Ventral Attn,1.0
123,4,BS-NET (2m),Limbic,0.9333333333333333
123,4,BS-NET (2m),Control,0.9285714285714286
123,4,BS-NET (2m),Default Mode,1.0
777,0,Raw FC (2m),Visual,0.9285714285714286
777,0,Raw FC (2m),Somatomotor,0.875
777,0,Raw FC (2m),Dorsal Attn,0.8666666666666667
777,0,Raw FC (2m),Ventral Attn,1.0
777,0,Raw FC (2m),Limbic,1.0
777,0,Raw FC (2m),Control,1.0
777,0,Raw FC (2m),Default Mode,0.9375
777,0,BS-NET (2m),Visual,0.9285714285714286
777,0,BS-NET (2m),Somatomotor,0.875
777,0,BS-NET (2m),Dorsal Attn,0.8666666666666667
777,0,BS-NET (2m),Ventral Attn,1.0
777,0,BS-NET (2m),Limbic,1.0
777,0,BS-NET (2m),Control,1.0
777,0,BS-NET (2m),Default Mode,0.9375
777,1,Raw FC (2m),Visual,0.875
777,1,Raw FC (2m),Somatomotor,0.875
777,1,Raw FC (2m),Dorsal Attn,0.7857142857142857
777,1,Raw FC (2m),Ventral Attn,1.0
777,1,Raw FC (2m),Limbic,1.0
777,1,Raw FC (2m),Control,0.9285714285714286
777,1,Raw FC (2m),Default Mode,1.0
777,1,BS-NET (2m),Visual,0.875
777,1,BS-NET (2m),Somatomotor,0.875
777,1,BS-NET (2m),Dorsal Attn,0.7857142857142857
777,1,BS-NET (2m),Ventral Attn,1.0
777,1,BS-NET (2m),Limbic,1.0
777,1,BS-NET (2m),Control,0.9285714285714286
777,1,BS-NET (2m),Default Mode,1.0
777,2,Raw FC (2m),Visual,0.9333333333333333
777,2,Raw FC (2m),Somatomotor,0.4642857142857143
777,2,Raw FC (2m),Dorsal Attn,1.0
777,2,Raw FC (2m),Ventral Attn,0.8571428571428571
777,2,Raw FC (2m),Limbic,1.0
777,2,Raw FC (2m),Control,0.5185185185185185
777,2,Raw FC (2m),Default Mode,0.8888888888888888
777,2,BS-NET (2m),Visual,0.9333333333333333
777,2,BS-NET (2m),Somatomotor,0.42857142857142855
777,2,BS-NET (2m),Dorsal Attn,1.0
777,2,BS-NET (2m),Ventral Attn,0.8571428571428571
777,2,BS-NET (2m),Limbic,1.0
777,2,BS-NET (2m),Control,0.5384615384615384
777,2,BS-NET (2m),Default Mode,0.8421052631578947
777,3,Raw FC (2m),Visual,0.7857142857142857
777,3,Raw FC (2m),Somatomotor,0.8
777,3,Raw FC (2m),Dorsal Attn,0.41935483870967744
777,3,Raw FC (2m),Ventral Attn,0.375
777,3,Raw FC (2m),Limbic,0.9285714285714286
777,3,Raw FC (2m),Control,0.8666666666666667
777,3,Raw FC (2m),Default Mode,0.8421052631578947
777,3,BS-NET (2m),Visual,0.52
777,3,BS-NET (2m),Somatomotor,0.8
777,3,BS-NET (2m),Dorsal Attn,0.65
777,3,BS-NET (2m),Ventral Attn,0.3103448275862069
777,3,BS-NET (2m),Limbic,0.9285714285714286
777,3,BS-NET (2m),Control,0.8666666666666667
777,3,BS-NET (2m),Default Mode,0.9411764705882353
777,4,Raw FC (2m),Visual,0.9333333333333333
777,4,Raw FC (2m),Somatomotor,0.9285714285714286
777,4,Raw FC (2m),Dorsal Attn,0.8
777,4,Raw FC (2m),Ventral Attn,0.8666666666666667
777,4,Raw FC (2m),Limbic,0.9285714285714286
777,4,Raw FC (2m),Control,0.8
777,4,Raw FC (2m),Default Mode,0.8421052631578947
777,4,BS-NET (2m),Visual,0.9333333333333333
777,4,BS-NET (2m),Somatomotor,0.8666666666666667
777,4,BS-NET (2m),Dorsal Attn,0.3333333333333333
777,4,BS-NET (2m),Ventral Attn,0.8666666666666667
777,4,BS-NET (2m),Limbic,0.7647058823529411
777,4,BS-NET (2m),Control,0.44
777,4,BS-NET (2m),Default Mode,0.8421052631578947
2026,0,Raw FC (2m),Visual,0.875
2026,0,Raw FC (2m),Somatomotor,1.0
2026,0,Raw FC (2m),Dorsal Attn,0.9285714285714286
2026,0,Raw FC (2m),Ventral Attn,0.9285714285714286
2026,0,Raw FC (2m),Limbic,0.8571428571428571
2026,0,Raw FC (2m),Control,0.9333333333333333
2026,0,Raw FC (2m),Default Mode,1.0
2026,0,BS-NET (2m),Visual,0.875
2026,0,BS-NET (2m),Somatomotor,1.0
2026,0,BS-NET (2m),Dorsal Attn,0.9285714285714286
2026,0,BS-NET (2m),Ventral Attn,0.9285714285714286
2026,0,BS-NET (2m),Limbic,0.8571428571428571
2026,0,BS-NET (2m),Control,0.9333333333333333
2026,0,BS-NET (2m),Default Mode,1.0
2026,1,Raw FC (2m),Visual,1.0
2026,1,Raw FC (2m),Somatomotor,1.0
2026,1,Raw FC (2m),Dorsal Attn,0.8571428571428571
2026,1,Raw FC (2m),Ventral Attn,0.9333333333333333
2026,1,Raw FC (2m),Limbic,1.0
2026,1,Raw FC (2m),Control,0.9333333333333333
2026,1,Raw FC (2m),Default Mode,1.0
2026,1,BS-NET (2m),Visual,1.0
2026,1,BS-NET (2m),Somatomotor,1.0
2026,1,BS-NET (2m),Dorsal Attn,0.8571428571428571
2026,1,BS-NET (2m),Ventral Attn,0.9333333333333333
2026,1,BS-NET (2m),Limbic,1.0
2026,1,BS-NET (2m),Control,0.9333333333333333
2026,1,BS-NET (2m),Default Mode,1.0
2026,2,Raw FC (2m),Visual,0.56
2026,2,Raw FC (2m),Somatomotor,0.875
2026,2,Raw FC (2m),Dorsal Attn,0.39285714285714285
2026,2,Raw FC (2m),Ventral Attn,1.0
2026,2,Raw FC (2m),Limbic,1.0
2026,2,Raw FC (2m),Control,0.8125
2026,2,Raw FC (2m),Default Mode,1.0
2026,2,BS-NET (2m),Visual,0.56
2026,2,BS-NET (2m),Somatomotor,0.875
2026,2,BS-NET (2m),Dorsal Attn,0.39285714285714285
2026,2,BS-NET (2m),Ventral Attn,1.0
2026,2,BS-NET (2m),Limbic,1.0
2026,2,BS-NET (2m),Control,0.8125
2026,2,BS-NET (2m),Default Mode,1.0
2026,3,Raw FC (2m),Visual,0.7333333333333333
2026,3,Raw FC (2m),Somatomotor,0.7368421052631579
2026,3,Raw FC (2m),Dorsal Attn,0.9333333333333333
2026,3,Raw FC (2m),Ventral Attn,0.8571428571428571
2026,3,Raw FC (2m),Limbic,0.5333333333333333
2026,3,Raw FC (2m),Control,0.7647058823529411
2026,3,Raw FC (2m),Default Mode,0.9411764705882353
2026,3,BS-NET (2m),Visual,0.7333333333333333
2026,3,BS-NET (2m),Somatomotor,0.5384615384615384
2026,3,BS-NET (2m),Dorsal Attn,0.875
2026,3,BS-NET (2m),Ventral Attn,0.9285714285714286
2026,3,BS-NET (2m),Limbic,0.3793103448275862
2026,3,BS-NET (2m),Control,0.7647058823529411
2026,3,BS-NET (2m),Default Mode,0.9411764705882353
2026,4,Raw FC (2m),Visual,1.0
2026,4,Raw FC (2m),Somatomotor,0.9333333333333333
2026,4,Raw FC (2m),Dorsal Attn,0.4642857142857143
2026,4,Raw FC (2m),Ventral Attn,0.5185185185185185
2026,4,Raw FC (2m),Limbic,0.875
2026,4,Raw FC (2m),Control,0.8571428571428571
2026,4,Raw FC (2m),Default Mode,1.0
2026,4,BS-NET (2m),Visual,1.0
2026,4,BS-NET (2m),Somatomotor,0.9333333333333333
2026,4,BS-NET (2m),Dorsal Attn,0.4642857142857143
2026,4,BS-NET (2m),Ventral Attn,0.5185185185185185
2026,4,BS-NET (2m),Limbic,0.875
2026,4,BS-NET (2m),Control,0.8571428571428571
2026,4,BS-NET (2m),Default Mode,1.0
9999,0,Raw FC (2m),Visual,0.9333333333333333
9999,0,Raw FC (2m),Somatomotor,0.8125
9999,0,Raw FC (2m),Dorsal Attn,0.875
9999,0,Raw FC (2m),Ventral Attn,0.6666666666666666
9999,0,Raw FC (2m),Limbic,1.0
9999,0,Raw FC (2m),Control,1.0
9999,0,Raw FC (2m),Default Mode,0.875
9999,0,BS-NET (2m),Visual,0.9285714285714286
9999,0,BS-NET (2m),Somatomotor,0.8125
9999,0,BS-NET (2m),Dorsal Attn,0.875
9999,0,BS-NET (2m),Ventral Attn,0.6666666666666666
9999,0,BS-NET (2m),Limbic,0.875
9999,0,BS-NET (2m),Control,1.0
9999,0,BS-NET (2m),Default Mode,0.875
9999,1,Raw FC (2m),Visual,0.875
9999,1,Raw FC (2m),Somatomotor,0.9285714285714286
9999,1,Raw FC (2m),Dorsal Attn,1.0
9999,1,Raw FC (2m),Ventral Attn,1.0
9999,1,Raw FC (2m),Limbic,0.7857142857142857
9999,1,Raw FC (2m),Control,0.9333333333333333
9999,1,Raw FC (2m),Default Mode,0.9411764705882353
9999,1,BS-NET (2m),Visual,0.875
9999,1,BS-NET (2m),Somatomotor,0.9285714285714286
9999,1,BS-NET (2m),Dorsal Attn,1.0
9999,1,BS-NET (2m),Ventral Attn,1.0
9999,1,BS-NET (2m),Limbic,0.7857142857142857
9999,1,BS-NET (2m),Control,0.9333333333333333
9999,1,BS-NET (2m),Default Mode,0.9411764705882353
9999,2,Raw FC (2m),Visual,1.0
9999,2,Raw FC (2m),Somatomotor,0.9333333333333333
9999,2,Raw FC (2m),Dorsal Attn,1.0
9999,2,Raw FC (2m),Ventral Attn,1.0
9999,2,Raw FC (2m),Limbic,0.8666666666666667
9999,2,Raw FC (2m),Control,1.0
9999,2,Raw FC (2m),Default Mode,0.9375
9999,2,BS-NET (2m),Visual,1.0
9999,2,BS-NET (2m),Somatomotor,0.9333333333333333
9999,2,BS-NET (2m),Dorsal Attn,1.0
9999,2,BS-NET (2m),Ventral Attn,1.0
9999,2,BS-NET (2m),Limbic,0.8666666666666667
9999,2,BS-NET (2m),Control,1.0
9999,2,BS-NET (2m),Default Mode,0.9375
9999,3,Raw FC (2m),Visual,0.7857142857142857
9999,3,Raw FC (2m),Somatomotor,1.0
9999,3,Raw FC (2m),Dorsal Attn,0.875
9999,3,Raw FC (2m),Ventral Attn,0.9333333333333333
9999,3,Raw FC (2m),Limbic,0.9285714285714286
9999,3,Raw FC (2m),Control,0.9333333333333333
9999,3,Raw FC (2m),Default Mode,1.0
9999,3,BS-NET (2m),Visual,0.7857142857142857
9999,3,BS-NET (2m),Somatomotor,1.0
9999,3,BS-NET (2m),Dorsal Attn,0.875
9999,3,BS-NET (2m),Ventral Attn,0.8235294117647058
9999,3,BS-NET (2m),Limbic,0.9285714285714286
9999,3,BS-NET (2m),Control,0.8
9999,3,BS-NET (2m),Default Mode,1.0
9999,4,Raw FC (2m),Visual,0.3125
9999,4,Raw FC (2m),Somatomotor,0.8235294117647058
9999,4,Raw FC (2m),Dorsal Attn,0.9285714285714286
9999,4,Raw FC (2m),Ventral Attn,0.8
9999,4,Raw FC (2m),Limbic,1.0
9999,4,Raw FC (2m),Control,0.8666666666666667
9999,4,Raw FC (2m),Default Mode,0.5714285714285714
9999,4,BS-NET (2m),Visual,0.6
9999,4,BS-NET (2m),Somatomotor,0.9333333333333333
9999,4,BS-NET (2m),Dorsal Attn,0.9285714285714286
9999,4,BS-NET (2m),Ventral Attn,0.8571428571428571
9999,4,BS-NET (2m),Limbic,1.0
9999,4,BS-NET (2m),Control,0.8571428571428571
9999,4,BS-NET (2m),Default Mode,0.6956521739130435
314,0,Raw FC (2m),Visual,1.0
314,0,Raw FC (2m),Somatomotor,1.0
314,0,Raw FC (2m),Dorsal Attn,1.0
314,0,Raw FC (2m),Ventral Attn,0.9285714285714286
314,0,Raw FC (2m),Limbic,1.0
314,0,Raw FC (2m),Control,1.0
314,0,Raw FC (2m),Default Mode,0.9411764705882353
314,0,BS-NET (2m),Visual,1.0
314,0,BS-NET (2m),Somatomotor,1.0
314,0,BS-NET (2m),Dorsal Attn,1.0
314,0,BS-NET (2m),Ventral Attn,0.9285714285714286
314,0,BS-NET (2m),Limbic,1.0
314,0,BS-NET (2m),Control,1.0
314,0,BS-NET (2m),Default Mode,0.9411764705882353
314,1,Raw FC (2m),Visual,0.8666666666666667
314,1,Raw FC (2m),Somatomotor,0.9333333333333333
314,1,Raw FC (2m),Dorsal Attn,0.9333333333333333
314,1,Raw FC (2m),Ventral Attn,1.0
314,1,Raw FC (2m),Limbic,0.8
314,1,Raw FC (2m),Control,1.0
314,1,Raw FC (2m),Default Mode,0.9375
314,1,BS-NET (2m),Visual,0.8666666666666667
314,1,BS-NET (2m),Somatomotor,0.9333333333333333
314,1,BS-NET (2m),Dorsal Attn,0.9333333333333333
314,1,BS-NET (2m),Ventral Attn,1.0
314,1,BS-NET (2m),Limbic,0.8
314,1,BS-NET (2m),Control,1.0
314,1,BS-NET (2m),Default Mode,0.9375
314,2,Raw FC (2m),Visual,0.9333333333333333
314,2,Raw FC (2m),Somatomotor,0.42424242424242425
314,2,Raw FC (2m),Dorsal Attn,1.0
314,2,Raw FC (2m),Ventral Attn,0.5833333333333334
314,2,Raw FC (2m),Limbic,0.35714285714285715
314,2,Raw FC (2m),Control,1.0
314,2,Raw FC (2m),Default Mode,0.48484848484848486
314,2,BS-NET (2m),Visual,0.9333333333333333
314,2,BS-NET (2m),Somatomotor,0.42424242424242425
314,2,BS-NET (2m),Dorsal Attn,1.0
314,2,BS-NET (2m),Ventral Attn,0.5833333333333334
314,2,BS-NET (2m),Limbic,0.35714285714285715
314,2,BS-NET (2m),Control,1.0
314,2,BS-NET (2m),Default Mode,0.48484848484848486
314,3,Raw FC (2m),Visual,0.7777777777777778
314,3,Raw FC (2m),Somatomotor,0.24390243902439024
314,3,Raw FC (2m),Dorsal Attn,0.34210526315789475
314,3,Raw FC (2m),Ventral Attn,0.3783783783783784
314,3,Raw FC (2m),Limbic,1.0
314,3,Raw FC (2m),Control,1.0
314,3,Raw FC (2m),Default Mode,0.9411764705882353
314,3,BS-NET (2m),Visual,0.9333333333333333
314,3,BS-NET (2m),Somatomotor,0.8666666666666667
314,3,BS-NET (2m),Dorsal Attn,0.9333333333333333
314,3,BS-NET (2m),Ventral Attn,0.8571428571428571
314,3,BS-NET (2m),Limbic,1.0
314,3,BS-NET (2m),Control,1.0
314,3,BS-NET (2m),Default Mode,1.0
314,4,Raw FC (2m),Visual,0.7857142857142857
314,4,Raw FC (2m),Somatomotor,0.9333333333333333
314,4,Raw FC (2m),Dorsal Attn,0.8666666666666667
314,4,Raw FC (2m),Ventral Attn,1.0
314,4,Raw FC (2m),Limbic,0.9333333333333333
314,4,Raw FC (2m),Control,0.8666666666666667
314,4,Raw FC (2m),Default Mode,0.9411764705882353
314,4,BS-NET (2m),Visual,0.7857142857142857
314,4,BS-NET (2m),Somatomotor,0.9333333333333333
314,4,BS-NET (2m),Dorsal Attn,0.8666666666666667
314,4,BS-NET (2m),Ventral Attn,1.0
314,4,BS-NET (2m),Limbic,0.9333333333333333
314,4,BS-NET (2m),Control,0.8666666666666667
314,4,BS-NET (2m),Default Mode,0.9411764705882353
628,0,Raw FC (2m),Visual,0.8125
628,0,Raw FC (2m),Somatomotor,1.0
628,0,Raw FC (2m),Dorsal Attn,0.6086956521739131
628,0,Raw FC (2m),Ventral Attn,0.32142857142857145
628,0,Raw FC (2m),Limbic,0.9333333333333333
628,0,Raw FC (2m),Control,1.0
628,0,Raw FC (2m),Default Mode,0.75
628,0,BS-NET (2m),Visual,0.8125
628,0,BS-NET (2m),Somatomotor,1.0
628,0,BS-NET (2m),Dorsal Attn,0.6086956521739131
628,0,BS-NET (2m),Ventral Attn,0.32142857142857145
628,0,BS-NET (2m),Limbic,0.9333333333333333
628,0,BS-NET (2m),Control,1.0
628,0,BS-NET (2m),Default Mode,0.75
628,1,Raw FC (2m),Visual,0.5
628,1,Raw FC (2m),Somatomotor,0.8125
628,1,Raw FC (2m),Dorsal Attn,1.0
628,1,Raw FC (2m),Ventral Attn,0.9285714285714286
628,1,Raw FC (2m),Limbic,0.4482758620689655
628,1,Raw FC (2m),Control,0.8571428571428571
628,1,Raw FC (2m),Default Mode,0.9411764705882353
628,1,BS-NET (2m),Visual,0.875
628,1,BS-NET (2m),Somatomotor,0.8125
628,1,BS-NET (2m),Dorsal Attn,1.0
628,1,BS-NET (2m),Ventral Attn,0.9285714285714286
628,1,BS-NET (2m),Limbic,0.9285714285714286
628,1,BS-NET (2m),Control,0.7857142857142857
628,1,BS-NET (2m),Default Mode,0.9411764705882353
628,2,Raw FC (2m),Visual,0.9333333333333333
628,2,Raw FC (2m),Somatomotor,1.0
628,2,Raw FC (2m),Dorsal Attn,0.9285714285714286
628,2,Raw FC (2m),Ventral Attn,0.5
628,2,Raw FC (2m),Limbic,0.5
628,2,Raw FC (2m),Control,0.9333333333333333
628,2,Raw FC (2m),Default Mode,0.9375
628,2,BS-NET (2m),Visual,0.9333333333333333
628,2,BS-NET (2m),Somatomotor,1.0
628,2,BS-NET (2m),Dorsal Attn,0.9285714285714286
628,2,BS-NET (2m),Ventral Attn,0.5
628,2,BS-NET (2m),Limbic,0.5
628,2,BS-NET (2m),Control,0.9333333333333333
628,2,BS-NET (2m),Default Mode,0.9375
628,3,Raw FC (2m),Visual,0.9333333333333333
628,3,Raw FC (2m),Somatomotor,0.5
628,3,Raw FC (2m),Dorsal Attn,0.8571428571428571
628,3,Raw FC (2m),Ventral Attn,0.4482758620689655
628,3,Raw FC (2m),Limbic,0.9333333333333333
628,3,Raw FC (2m),Control,1.0
628,3,Raw FC (2m),Default Mode,1.0
628,3,BS-NET (2m),Visual,0.9333333333333333
628,3,BS-NET (2m),Somatomotor,0.5
628,3,BS-NET (2m),Dorsal Attn,0.8571428571428571
628,3,BS-NET (2m),Ventral Attn,0.4482758620689655
628,3,BS-NET (2m),Limbic,0.9333333333333333
628,3,BS-NET (2m),Control,1.0
628,3,BS-NET (2m),Default Mode,1.0
628,4,Raw FC (2m),Visual,0.8571428571428571
628,4,Raw FC (2m),Somatomotor,0.8571428571428571
628,4,Raw FC (2m),Dorsal Attn,0.875
628,4,Raw FC (2m),Ventral Attn,0.9333333333333333
628,4,Raw FC (2m),Limbic,0.8571428571428571
628,4,Raw FC (2m),Control,0.42424242424242425
628,4,Raw FC (2m),Default Mode,0.4411764705882353
628,4,BS-NET (2m),Visual,0.8571428571428571
628,4,BS-NET (2m),Somatomotor,0.9285714285714286
628,4,BS-NET (2m),Dorsal Attn,0.5185185185185185
628,4,BS-NET (2m),Ventral Attn,0.9333333333333333
628,4,BS-NET (2m),Limbic,0.41379310344827586
628,4,BS-NET (2m),Control,0.42424242424242425
628,4,BS-NET (2m),Default Mode,0.4411764705882353
1414,0,Raw FC (2m),Visual,0.5
1414,0,Raw FC (2m),Somatomotor,0.9333333333333333
1414,0,Raw FC (2m),Dorsal Attn,0.8571428571428571
1414,0,Raw FC (2m),Ventral Attn,0.6428571428571429
1414,0,Raw FC (2m),Limbic,1.0
1414,0,Raw FC (2m),Control,0.6363636363636364
1414,0,Raw FC (2m),Default Mode,0.375
1414,0,BS-NET (2m),Visual,0.42424242424242425
1414,0,BS-NET (2m),Somatomotor,0.5833333333333334
1414,0,BS-NET (2m),Dorsal Attn,0.8571428571428571
1414,0,BS-NET (2m),Ventral Attn,0.35714285714285715
1414,0,BS-NET (2m),Limbic,1.0
1414,0,BS-NET (2m),Control,0.7222222222222222
1414,0,BS-NET (2m),Default Mode,0.48484848484848486
1414,1,Raw FC (2m),Visual,0.9333333333333333
1414,1,Raw FC (2m),Somatomotor,0.9333333333333333
1414,1,Raw FC (2m),Dorsal Attn,1.0
1414,1,Raw FC (2m),Ventral Attn,0.5185185185185185
1414,1,Raw FC (2m),Limbic,0.4642857142857143
1414,1,Raw FC (2m),Control,1.0
1414,1,Raw FC (2m),Default Mode,0.9375
1414,1,BS-NET (2m),Visual,0.9333333333333333
1414,1,BS-NET (2m),Somatomotor,0.9333333333333333
1414,1,BS-NET (2m),Dorsal Attn,1.0
1414,1,BS-NET (2m),Ventral Attn,0.5185185185185185
1414,1,BS-NET (2m),Limbic,0.4642857142857143
1414,1,BS-NET (2m),Control,1.0
1414,1,BS-NET (2m),Default Mode,0.9375
1414,2,Raw FC (2m),Visual,0.9333333333333333
1414,2,Raw FC (2m),Somatomotor,0.8
1414,2,Raw FC (2m),Dorsal Attn,0.7142857142857143
1414,2,Raw FC (2m),Ventral Attn,0.8
1414,2,Raw FC (2m),Limbic,0.875
1414,2,Raw FC (2m),Control,0.9333333333333333
1414,2,Raw FC (2m),Default Mode,0.8888888888888888
1414,2,BS-NET (2m),Visual,0.9333333333333333
1414,2,BS-NET (2m),Somatomotor,0.8
1414,2,BS-NET (2m),Dorsal Attn,0.7142857142857143
1414,2,BS-NET (2m),Ventral Attn,0.8
1414,2,BS-NET (2m),Limbic,0.875
1414,2,BS-NET (2m),Control,0.9333333333333333
1414,2,BS-NET (2m),Default Mode,0.8888888888888888
1414,3,Raw FC (2m),Visual,1.0
1414,3,Raw FC (2m),Somatomotor,0.17857142857142858
1414,3,Raw FC (2m),Dorsal Attn,0.875
1414,3,Raw FC (2m),Ventral Attn,0.7368421052631579
1414,3,Raw FC (2m),Limbic,0.7222222222222222
1414,3,Raw FC (2m),Control,0.7368421052631579
1414,3,Raw FC (2m),Default Mode,0.9375
1414,3,BS-NET (2m),Visual,1.0
1414,3,BS-NET (2m),Somatomotor,0.42857142857142855
1414,3,BS-NET (2m),Dorsal Attn,0.875
1414,3,BS-NET (2m),Ventral Attn,1.0
1414,3,BS-NET (2m),Limbic,0.7222222222222222
1414,3,BS-NET (2m),Control,0.8235294117647058
1414,3,BS-NET (2m),Default Mode,0.8823529411764706
1414,4,Raw FC (2m),Visual,0.8125
1414,4,Raw FC (2m),Somatomotor,1.0
1414,4,Raw FC (2m),Dorsal Attn,0.8666666666666667
1414,4,Raw FC (2m),Ventral Attn,0.9285714285714286
1414,4,Raw FC (2m),Limbic,1.0
1414,4,Raw FC (2m),Control,1.0
1414,4,Raw FC (2m),Default Mode,0.9375
1414,4,BS-NET (2m),Visual,0.5714285714285714
1414,4,BS-NET (2m),Somatomotor,0.9333333333333333
1414,4,BS-NET (2m),Dorsal Attn,0.875
1414,4,BS-NET (2m),Ventral Attn,0.9285714285714286
1414,4,BS-NET (2m),Limbic,1.0
1414,4,BS-NET (2m),Control,0.8235294117647058
1414,4,BS-NET (2m),Default Mode,1.0
2718,0,Raw FC (2m),Visual,1.0
2718,0,Raw FC (2m),Somatomotor,0.875
2718,0,Raw FC (2m),Dorsal Attn,0.9333333333333333
2718,0,Raw FC (2m),Ventral Attn,0.9333333333333333
2718,0,Raw FC (2m),Limbic,0.8571428571428571
2718,0,Raw FC (2m),Control,0.7333333333333333
2718,0,Raw FC (2m),Default Mode,1.0
2718,0,BS-NET (2m),Visual,1.0
2718,0,BS-NET (2m),Somatomotor,0.875
2718,0,BS-NET (2m),Dorsal Attn,0.9333333333333333
2718,0,BS-NET (2m),Ventral Attn,0.9333333333333333
2718,0,BS-NET (2m),Limbic,0.8571428571428571
2718,0,BS-NET (2m),Control,0.7333333333333333
2718,0,BS-NET (2m),Default Mode,1.0
2718,1,Raw FC (2m),Visual,0.5185185185185185
2718,1,Raw FC (2m),Somatomotor,0.9333333333333333
2718,1,Raw FC (2m),Dorsal Attn,0.4642857142857143
2718,1,Raw FC (2m),Ventral Attn,1.0
2718,1,Raw FC (2m),Limbic,0.8125
2718,1,Raw FC (2m),Control,0.8571428571428571
2718,1,Raw FC (2m),Default Mode,0.9411764705882353
2718,1,BS-NET (2m),Visual,0.5185185185185185
2718,1,BS-NET (2m),Somatomotor,0.9333333333333333
2718,1,BS-NET (2m),Dorsal Attn,0.4642857142857143
2718,1,BS-NET (2m),Ventral Attn,1.0
2718,1,BS-NET (2m),Limbic,0.8125
2718,1,BS-NET (2m),Control,0.8571428571428571
2718,1,BS-NET (2m),Default Mode,0.9411764705882353
2718,2,Raw FC (2m),Visual,1.0
2718,2,Raw FC (2m),Somatomotor,0.8571428571428571
2718,2,Raw FC (2m),Dorsal Attn,0.8571428571428571
2718,2,Raw FC (2m),Ventral Attn,0.8666666666666667
2718,2,Raw FC (2m),Limbic,0.9333333333333333
2718,2,Raw FC (2m),Control,0.875
2718,2,Raw FC (2m),Default Mode,0.8333333333333334
2718,2,BS-NET (2m),Visual,1.0
2718,2,BS-NET (2m),Somatomotor,0.8571428571428571
2718,2,BS-NET (2m),Dorsal Attn,0.8571428571428571
2718,2,BS-NET (2m),Ventral Attn,0.8666666666666667
2718,2,BS-NET (2m),Limbic,0.9333333333333333
2718,2,BS-NET (2m),Control,0.875
2718,2,BS-NET (2m),Default Mode,0.8333333333333334
2718,3,Raw FC (2m),Visual,0.5454545454545454
2718,3,Raw FC (2m),Somatomotor,0.8666666666666667
2718,3,Raw FC (2m),Dorsal Attn,0.75
2718,3,Raw FC (2m),Ventral Attn,0.7222222222222222
2718,3,Raw FC (2m),Limbic,0.8235294117647058
2718,3,Raw FC (2m),Control,0.3076923076923077
2718,3,Raw FC (2m),Default Mode,0.8888888888888888
2718,3,BS-NET (2m),Visual,0.46153846153846156
2718,3,BS-NET (2m),Somatomotor,0.8666666666666667
2718,3,BS-NET (2m),Dorsal Attn,0.75
2718,3,BS-NET (2m),Ventral Attn,0.7647058823529411
2718,3,BS-NET (2m),Limbic,0.9333333333333333
2718,3,BS-NET (2m),Control,0.4074074074074074
2718,3,BS-NET (2m),Default Mode,0.8333333333333334
2718,4,Raw FC (2m),Visual,0.9333333333333333
2718,4,Raw FC (2m),Somatomotor,1.0
2718,4,Raw FC (2m),Dorsal Attn,0.5
2718,4,Raw FC (2m),Ventral Attn,0.9333333333333333
2718,4,Raw FC (2m),Limbic,0.8571428571428571
2718,4,Raw FC (2m),Control,0.5
2718,4,Raw FC (2m),Default Mode,1.0
2718,4,BS-NET (2m),Visual,0.9333333333333333
2718,4,BS-NET (2m),Somatomotor,1.0
2718,4,BS-NET (2m),Dorsal Attn,0.5
2718,4,BS-NET (2m),Ventral Attn,0.9333333333333333
2718,4,BS-NET (2m),Limbic,0.8571428571428571
2718,4,BS-NET (2m),Control,0.5
2718,4,BS-NET (2m),Default Mode,1.0
3141,0,Raw FC (2m),Visual,0.5
3141,0,Raw FC (2m),Somatomotor,1.0
3141,0,Raw FC (2m),Dorsal Attn,0.5
3141,0,Raw FC (2m),Ventral Attn,0.5185185185185185
3141,0,Raw FC (2m),Limbic,0.9285714285714286
3141,0,Raw FC (2m),Control,0.41379310344827586
3141,0,Raw FC (2m),Default Mode,0.8333333333333334
3141,0,BS-NET (2m),Visual,0.5
3141,0,BS-NET (2m),Somatomotor,1.0
3141,0,BS-NET (2m),Dorsal Attn,0.5
3141,0,BS-NET (2m),Ventral Attn,0.56
3141,0,BS-NET (2m),Limbic,0.9285714285714286
3141,0,BS-NET (2m),Control,0.39285714285714285
3141,0,BS-NET (2m),Default Mode,0.8421052631578947
3141,1,Raw FC (2m),Visual,1.0
3141,1,Raw FC (2m),Somatomotor,1.0
3141,1,Raw FC (2m),Dorsal Attn,1.0
3141,1,Raw FC (2m),Ventral Attn,0.9333333333333333
3141,1,Raw FC (2m),Limbic,0.7857142857142857
3141,1,Raw FC (2m),Control,0.8
3141,1,Raw FC (2m),Default Mode,0.8421052631578947
3141,1,BS-NET (2m),Visual,1.0
3141,1,BS-NET (2m),Somatomotor,0.8571428571428571
3141,1,BS-NET (2m),Dorsal Attn,0.9333333333333333
3141,1,BS-NET (2m),Ventral Attn,0.9333333333333333
3141,1,BS-NET (2m),Limbic,0.7857142857142857
3141,1,BS-NET (2m),Control,0.8
3141,1,BS-NET (2m),Default Mode,0.8
3141,2,Raw FC (2m),Visual,1.0
3141,2,Raw FC (2m),Somatomotor,1.0
3141,2,Raw FC (2m),Dorsal Attn,1.0
3141,2,Raw FC (2m),Ventral Attn,0.8666666666666667
3141,2,Raw FC (2m),Limbic,0.9285714285714286
3141,2,Raw FC (2m),Control,1.0
3141,2,Raw FC (2m),Default Mode,0.8235294117647058
3141,2,BS-NET (2m),Visual,1.0
3141,2,BS-NET (2m),Somatomotor,1.0
3141,2,BS-NET (2m),Dorsal Attn,1.0
3141,2,BS-NET (2m),Ventral Attn,0.8666666666666667
3141,2,BS-NET (2m),Limbic,0.9285714285714286
3141,2,BS-NET (2m),Control,1.0
3141,2,BS-NET (2m),Default Mode,0.8235294117647058
3141,3,Raw FC (2m),Visual,0.3333333333333333
3141,3,Raw FC (2m),Somatomotor,0.8235294117647058
3141,3,Raw FC (2m),Dorsal Attn,0.5652173913043478
3141,3,Raw FC (2m),Ventral Attn,0.3548387096774194
3141,3,Raw FC (2m),Limbic,0.5
3141,3,Raw FC (2m),Control,0.875
3141,3,Raw FC (2m),Default Mode,0.9411764705882353
3141,3,BS-NET (2m),Visual,0.39285714285714285
3141,3,BS-NET (2m),Somatomotor,0.8235294117647058
3141,3,BS-NET (2m),Dorsal Attn,0.5
3141,3,BS-NET (2m),Ventral Attn,0.3448275862068966
3141,3,BS-NET (2m),Limbic,0.56
3141,3,BS-NET (2m),Control,0.875
3141,3,BS-NET (2m),Default Mode,0.9411764705882353
3141,4,Raw FC (2m),Visual,1.0
3141,4,Raw FC (2m),Somatomotor,0.4642857142857143
3141,4,Raw FC (2m),Dorsal Attn,0.9333333333333333
3141,4,Raw FC (2m),Ventral Attn,0.9333333333333333
3141,4,Raw FC (2m),Limbic,1.0
3141,4,Raw FC (2m),Control,0.5185185185185185
3141,4,Raw FC (2m),Default Mode,0.9375
3141,4,BS-NET (2m),Visual,1.0
3141,4,BS-NET (2m),Somatomotor,0.9285714285714286
3141,4,BS-NET (2m),Dorsal Attn,0.9333333333333333
3141,4,BS-NET (2m),Ventral Attn,0.8666666666666667
3141,4,BS-NET (2m),Limbic,1.0
3141,4,BS-NET (2m),Control,0.9333333333333333
3141,4,BS-NET (2m),Default Mode,0.9375
