seed,param1_name,param1_val,param2_name,param2_val,predicted_rho,mae,pass
42,reliability_coeff,0.7,observation_var,0.05,0.9999,9.999999999987796e-05,True
42,reliability_coeff,0.7,observation_var,0.1,0.9999,9.999999999998899e-05,True
42,reliability_coeff,0.7,observation_var,0.15,0.9999,9.999999999998899e-05,True
42,reliability_coeff,0.7,observation_var,0.2,0.9999,9.999999999998899e-05,True
42,reliability_coeff,0.7,observation_var,0.3,0.9999,9.999999999998899e-05,True
42,reliability_coeff,0.8,observation_var,0.05,0.9999,9.999999999987796e-05,True
42,reliability_coeff,0.8,observation_var,0.1,0.9999,9.999999999987796e-05,True
42,reliability_coeff,0.8,observation_var,0.15,0.9999,9.999999999998899e-05,True
42,reliability_coeff,0.8,observation_var,0.2,0.9999,9.999999999998899e-05,True
42,reliability_coeff,0.8,observation_var,0.3,0.9999,9.999999999998899e-05,True
42,reliability_coeff,0.9,observation_var,0.05,0.9999,9.999999999987796e-05,True
42,reliability_coeff,0.9,observation_var,0.1,0.9999,9.999999999998899e-05,True
42,reliability_coeff,0.9,observation_var,0.15,0.9999,9.999999999998899e-05,True
42,reliability_coeff,0.9,observation_var,0.2,0.9999,9.999999999987796e-05,True
42,reliability_coeff,0.9,observation_var,0.3,0.9999,9.999999999998899e-05,True
42,reliability_coeff,0.95,observation_var,0.05,0.9999,9.999999999998899e-05,True
42,reliability_coeff,0.95,observation_var,0.1,0.9999,9.999999999998899e-05,True
42,reliability_coeff,0.95,observation_var,0.15,0.9999,9.999999999998899e-05,True
42,reliability_coeff,0.95,observation_var,0.2,0.9999,9.999999999998899e-05,True
42,reliability_coeff,0.95,observation_var,0.3,0.9999,9.999999999998899e-05,True
42,reliability_coeff,0.98,observation_var,0.05,0.9999,9.999999999998899e-05,True
42,reliability_coeff,0.98,observation_var,0.1,0.9999,9.999999999998899e-05,True
42,reliability_coeff,0.98,observation_var,0.15,0.9999,9.999999999998899e-05,True
42,reliability_coeff,0.98,observation_var,0.2,0.9999,9.999999999998899e-05,True
42,reliability_coeff,0.98,observation_var,0.3,0.9999,9.999999999998899e-05,True
42,reliability_coeff,0.99,observation_var,0.05,0.9999,9.999999999987796e-05,True
42,reliability_coeff,0.99,observation_var,0.1,0.9999,9.999999999998899e-05,True
42,reliability_coeff,0.99,observation_var,0.15,0.9999,9.999999999998899e-05,True
42,reliability_coeff,0.99,observation_var,0.2,0.9999,9.999999999998899e-05,True
42,reliability_coeff,0.99,observation_var,0.3,0.9999,9.999999999998899e-05,True
123,reliability_coeff,0.7,observation_var,0.05,0.9999,9.999999999998899e-05,True
123,reliability_coeff,0.7,observation_var,0.1,0.9999,9.999999999998899e-05,True
123,reliability_coeff,0.7,observation_var,0.15,0.9999,9.999999999998899e-05,True
123,reliability_coeff,0.7,observation_var,0.2,0.9999,9.999999999998899e-05,True
123,reliability_coeff,0.7,observation_var,0.3,0.9999,9.999999999998899e-05,True
123,reliability_coeff,0.8,observation_var,0.05,0.9999,9.999999999998899e-05,True
123,reliability_coeff,0.8,observation_var,0.1,0.9999,9.999999999998899e-05,True
123,reliability_coeff,0.8,observation_var,0.15,0.9999,9.999999999998899e-05,True
123,reliability_coeff,0.8,observation_var,0.2,0.9999,9.999999999998899e-05,True
123,reliability_coeff,0.8,observation_var,0.3,0.9999,9.999999999987796e-05,True
123,reliability_coeff,0.9,observation_var,0.05,0.9999,9.999999999998899e-05,True
123,reliability_coeff,0.9,observation_var,0.1,0.9999,9.999999999998899e-05,True
123,reliability_coeff,0.9,observation_var,0.15,0.9999,9.999999999998899e-05,True
123,reliability_coeff,0.9,observation_var,0.2,0.9999,9.999999999998899e-05,True
123,reliability_coeff,0.9,observation_var,0.3,0.9999,9.999999999987796e-05,True
123,reliability_coeff,0.95,observation_var,0.05,0.9999,9.999999999998899e-05,True
123,reliability_coeff,0.95,observation_var,0.1,0.9999,9.999999999998899e-05,True
123,reliability_coeff,0.95,observation_var,0.15,0.9999,9.999999999987796e-05,True
123,reliability_coeff,0.95,observation_var,0.2,0.9999,9.999999999998899e-05,True
123,reliability_coeff,0.95,observation_var,0.3,0.9999,9.999999999998899e-05,True
123,reliability_coeff,0.98,observation_var,0.05,0.9999,9.999999999998899e-05,True
123,reliability_coeff,0.98,observation_var,0.1,0.9999,9.999999999998899e-05,True
123,reliability_coeff,0.98,observation_var,0.15,0.9999,9.999999999998899e-05,True
123,reliability_coeff,0.98,observation_var,0.2,0.9999,9.999999999998899e-05,True
123,reliability_coeff,0.98,observation_var,0.3,0.9999,9.999999999987796e-05,True
123,reliability_coeff,0.99,observation_var,0.05,0.9999,9.999999999998899e-05,True
123,reliability_coeff,0.99,observation_var,0.1,0.9999,9.999999999998899e-05,True
123,reliability_coeff,0.99,observation_var,0.15,0.9999,9.999999999998899e-05,True
123,reliability_coeff,0.99,observation_var,0.2,0.9999,9.999999999987796e-05,True
123,reliability_coeff,0.99,observation_var,0.3,0.9999,9.999999999998899e-05,True
456,reliability_coeff,0.7,observation_var,0.05,0.9999,9.999999999987796e-05,True
456,reliability_coeff,0.7,observation_var,0.1,0.9999,9.999999999998899e-05,True
456,reliability_coeff,0.7,observation_var,0.15,0.9999,9.999999999998899e-05,True
456,reliability_coeff,0.7,observation_var,0.2,0.9999,9.999999999998899e-05,True
456,reliability_coeff,0.7,observation_var,0.3,0.9999,9.999999999998899e-05,True
456,reliability_coeff,0.8,observation_var,0.05,0.9999,9.999999999998899e-05,True
456,reliability_coeff,0.8,observation_var,0.1,0.9999,9.999999999998899e-05,True
456,reliability_coeff,0.8,observation_var,0.15,0.9999,9.999999999998899e-05,True
456,reliability_coeff,0.8,observation_var,0.2,0.9999,9.999999999998899e-05,True
456,reliability_coeff,0.8,observation_var,0.3,0.9999,9.999999999987796e-05,True
456,reliability_coeff,0.9,observation_var,0.05,0.9999,9.999999999998899e-05,True
456,reliability_coeff,0.9,observation_var,0.1,0.9999,9.999999999998899e-05,True
456,reliability_coeff,0.9,observation_var,0.15,0.9999,9.999999999998899e-05,True
456,reliability_coeff,0.9,observation_var,0.2,0.9999,9.999999999998899e-05,True
456,reliability_coeff,0.9,observation_var,0.3,0.9999,9.999999999998899e-05,True
456,reliability_coeff,0.95,observation_var,0.05,0.9999,9.999999999998899e-05,True
456,reliability_coeff,0.95,observation_var,0.1,0.9999,9.999999999987796e-05,True
456,reliability_coeff,0.95,observation_var,0.15,0.9999,9.999999999987796e-05,True
456,reliability_coeff,0.95,observation_var,0.2,0.9999,9.999999999998899e-05,True
456,reliability_coeff,0.95,observation_var,0.3,0.9999,9.999999999998899e-05,True
456,reliability_coeff,0.98,observation_var,0.05,0.9999,9.999999999987796e-05,True
456,reliability_coeff,0.98,observation_var,0.1,0.9999,9.999999999987796e-05,True
456,reliability_coeff,0.98,observation_var,0.15,0.9999,9.999999999998899e-05,True
456,reliability_coeff,0.98,observation_var,0.2,0.9999,9.999999999998899e-05,True
456,reliability_coeff,0.98,observation_var,0.3,0.9999,9.999999999998899e-05,True
456,reliability_coeff,0.99,observation_var,0.05,0.9999,9.999999999998899e-05,True
456,reliability_coeff,0.99,observation_var,0.1,0.9999,9.999999999998899e-05,True
456,reliability_coeff,0.99,observation_var,0.15,0.9999,9.999999999998899e-05,True
456,reliability_coeff,0.99,observation_var,0.2,0.9999,9.999999999987796e-05,True
456,reliability_coeff,0.99,observation_var,0.3,0.9999,9.999999999987796e-05,True
